No,Product Type,Keywords,Primary Style Recommendation,Secondary Styles,Landing Page Pattern,Dashboard Style,Color Palette Focus,Key Considerations
1,SaaS (General),"app, b2b, cloud, general, saas, software, subscription",Glassmorphism + Flat Design,Soft UI Evolution + Minimalism & Swiss Style,Hero + Features + CTA,Real-Time Telemetry & Monitoring,Trust blue + accent contrast,Balance modern feel with clarity. Focus on CTAs.
2,Micro SaaS,"app, b2b, cloud, indie, micro, micro-saas, niche, saas",Flat Design + Minimalism & Swiss Style,Motion-Driven + Micro-interactions,Minimal Single Column + Demo,Executive KPI Overview,Vibrant primary + white space,"Keep simple,  show product quickly. Speed is key."
3,E-commerce,"buy, commerce, ecommerce, products, retail, sell, shop, store",Vibrant & Block-based,Aurora UI + Motion-Driven,Hero + Features + CTA,Drill-Down Analytics & Metrics,Brand primary + success green,High visual hierarchy. Conversion optimization.
4,E-commerce Luxury,"buy, commerce, elegant, exclusive, high-end, luxury, premium",Liquid Glass + Glassmorphism,3D & Hyperrealism + Aurora UI,Hero + Features + CTA,Drill-Down Analytics & Metrics,Premium colors + minimal accent,Elegance & sophistication. Premium imagery.
5,Service Landing Page,"appointment, booking, consultation, conversion, landing, page, service",Minimalism & Swiss Style,Minimalism & Swiss Style,Hero + Features + CTA,N/A (Lead / Order Focused),Brand primary + trust colors,Social proof essential. Show expertise.
6,B2B Service,"b2b, booking, business, consultation, corporate, enterprise, service",Minimalism & Swiss Style,Minimalism & Swiss Style,Hero + Features + CTA,Drill-Down Analytics & Metrics,Professional blue + neutral grey,Credibility essential. Clear ROI messaging.
7,Financial Dashboard,"admin, analytics, dashboard, data, financial, panel",Dark Mode (OLED) + Minimalism & Swiss Style,Minimalism & Swiss Style + Accessible & Ethical,N/A - Dashboard focused,Financial & Trading Matrix,Dark bg + red/green alerts + trust blue,"High contrast,  real-time updates,  accuracy paramount."
8,Analytics Dashboard,"admin, analytics, dashboard, data, panel",Minimalism & Swiss Style + Dark Mode (OLED),Minimalism & Swiss Style + Dark Mode (OLED),N/A - Analytics focused,Drill-Down Analytics & Metrics,Cool→Hot gradients + neutral grey,Clarity > aesthetics. Color-coded data priority.
9,Healthcare App,"app, clinic, health, healthcare, medical, patient",Neumorphism + Accessible & Ethical,Soft UI Evolution + Claymorphism,Hero + Testimonials + CTA,Drill-Down Analytics & Metrics,Calm blue + health green + trust,Accessibility mandatory. Calming aesthetic.
10,Educational App,"app, course, education, educational, learning, school, training",Claymorphism + Micro-interactions,Vibrant & Block-based + Flat Design,Scroll-Triggered Storytelling,Drill-Down Analytics & Metrics,Playful colors + clear hierarchy,Engagement & ease of use. Age-appropriate design.
11,Creative Agency,"agency, creative, design, marketing, studio",Brutalism + Motion-Driven,Retro-Futurism + Motion-Driven,Scroll-Triggered Storytelling,N/A (Lead / Order Focused),Bold primaries + artistic freedom,Differentiation key. Show portfolio immediately.
12,Portfolio/Personal,"creative, personal, portfolio, projects, showcase, work",Motion-Driven + Minimalism & Swiss Style,Brutalism + Aurora UI,Scroll-Triggered Storytelling,N/A (Lead / Order Focused),Brand primary + artistic interpretation,Showcase work cleanly. Highlight personal brand.
13,Gaming,"entertainment, esports, game, gaming, play",3D & Hyperrealism + Retro-Futurism,Motion-Driven + Minimalism & Swiss Style,Hero + Features + CTA,N/A (Lead / Order Focused),Vibrant + neon + immersive colors,Immersion priority. Performance critical.
14,Government/Public Service,"appointment, consultation, government, public, service",Accessible & Ethical + Minimalism & Swiss Style,Flat Design + Inclusive Design,Minimal Single Column,Executive KPI Overview,Professional blue + high contrast,WCAG AAA mandatory. Trust paramount.
15,Fintech/Crypto,"banking, blockchain, crypto, defi, finance, fintech, money, web3",Glassmorphism + Dark Mode (OLED),Retro-Futurism + Motion-Driven,Funnel (3-Step Conversion),Real-Time Telemetry & Monitoring,Dark tech colors + trust + vibrant accents,Security perception. Real-time data critical.
16,Social Media App,"app, community, content, entertainment, media, network, social",Vibrant & Block-based + Motion-Driven,Aurora UI + Micro-interactions,Hero + Features + CTA,Drill-Down Analytics & Metrics,Vibrant + engagement colors,Engagement & retention. Smooth feeds.
17,Productivity Tool,"collaboration, productivity, project, task, tool, workflow",Flat Design + Micro-interactions,Minimalism & Swiss Style + Soft UI Evolution,Product Demo + Features,Drill-Down Analytics & Metrics,Clear hierarchy + functional colors,Ease of use. Speed & efficiency focus.
18,Design System/Component Library,"component, design, library, system",Minimalism & Swiss Style + Accessible & Ethical,Flat Design + Zero Interface,Hero + Features + CTA,N/A (Lead / Order Focused),Clear hierarchy + code-like structure,Consistency. Developer-first approach.
19,AI/Chatbot Platform,"ai, artificial-intelligence, chatbot, machine-learning, platform",Zero Interface + Minimalism & Swiss Style,Zero Interface + Glassmorphism,Product Demo + Features,Drill-Down Analytics & Metrics,Neutral + AI Purple (#6366F1),Conversational UI. Streaming text. Context cards.
20,NFT/Web3 Platform,"nft, platform, web3",HUD / Sci-Fi FUI + Glassmorphism,Aurora UI + 3D & Hyperrealism,Hero + Features + CTA,Financial & Trading Matrix,Dark + Neon + Gold (#FFD700),Wallet integration. Transaction feedback. Gas fee displays.
21,Creator Economy Platform,"creator, economy, platform",Vibrant & Block-based + Bento Grids,Motion-Driven + Aurora UI,Hero + Testimonials + CTA,Drill-Down Analytics & Metrics,Vibrant + Brand colors,Creator profiles. Monetization metrics. Social proof.
22,Sustainability/ESG Platform,"esg, sustainability, platform",Soft UI Evolution + Minimalism & Swiss Style,Accessible & Ethical + Flat Design,Enterprise Gateway,Operations & Logistics Dispatch,Green (#228B22) + Earth tones,Carbon footprint visuals. Data transparency.
23,Remote Work/Collaboration Tool,"collaboration, remote, tool, work",Soft UI Evolution + Minimalism & Swiss Style,Glassmorphism + Micro-interactions,Hero + Features + CTA,Drill-Down Analytics & Metrics,Calm Blue + Neutral grey,Real-time collaboration. Status indicators. Video feeds.
24,Mental Health App,"app, health, mental",Neumorphism + Accessible & Ethical,Claymorphism + Soft UI Evolution,Hero + Testimonials + CTA,Drill-Down Analytics & Metrics,Calm Pastels + Trust colors,Calming aesthetics. Privacy-first. Crisis resources.
25,Pet Tech App,"app, pet, tech",Claymorphism + Vibrant & Block-based,Micro-interactions + Flat Design,Scroll-Triggered Storytelling,Drill-Down Analytics & Metrics,Playful + Warm colors,Pet profiles. Health tracking. Friendly UI.
26,Smart Home/IoT Dashboard,"admin, analytics, dashboard, data, home, iot, smart",Glassmorphism + Dark Mode (OLED),Minimalism & Swiss Style + Zero Interface,Product Demo + Features,Real-Time Telemetry & Monitoring,Dark + Status indicator colors,Device status. Real-time toggles. Automation rules.
27,EV/Charging Ecosystem,"charging, ecosystem, ev",Minimalism & Swiss Style + Aurora UI,Glassmorphism + Soft UI Evolution,Hero + Features + CTA,Operations & Logistics Dispatch,Electric Blue (#009CD1) + Green,Charging station maps. Range estimation indicators.
28,Subscription Box Service,"box, recurring, service, subscription",Vibrant & Block-based + Motion-Driven,Claymorphism + Aurora UI,Hero + Features + CTA,Drill-Down Analytics & Metrics,Brand + Excitement colors,Unboxing experience. Subscription management.
29,Podcast Platform,"platform, podcast",Dark Mode (OLED) + Minimalism & Swiss Style,Motion-Driven + Vibrant & Block-based,Scroll-Triggered Storytelling,Content & Media Management,Dark + Audio waveform accents,Audio player UX. Episode discovery. Waveform displays.
30,Dating App,"app, dating",Vibrant & Block-based + Motion-Driven,Aurora UI + Glassmorphism,Hero + Testimonials + CTA,Drill-Down Analytics & Metrics,Warm + Romantic (Pink/Red gradients),Profile cards. Swipe interactions. Safety features.
31,Micro-Credentials/Badges Platform,"badges, credentials, micro, platform",Minimalism & Swiss Style + Flat Design,Accessible & Ethical + Minimalism & Swiss Style,Enterprise Gateway,Drill-Down Analytics & Metrics,Trust Blue + Gold (#FFD700),Credential verification. Progress tracking.
32,Knowledge Base/Documentation,"base, documentation, knowledge",Minimalism & Swiss Style + Accessible & Ethical,Minimalism & Swiss Style + Flat Design,FAQ/Documentation Landing,N/A (Lead / Order Focused),Clean hierarchy + minimal color,Search-first. Clear navigation. Code highlighting.
33,Hyperlocal Services,"booking, hyperlocal, service, services",Minimalism & Swiss Style + Vibrant & Block-based,Micro-interactions + Flat Design,Funnel (3-Step Conversion),Drill-Down Analytics & Metrics,Location markers + Trust colors,Map integration. Service categories. Provider ratings.
34,Beauty/Spa/Wellness Service,"beauty, booking, service, spa, wellness",Soft UI Evolution + Neumorphism,Glassmorphism + Minimalism & Swiss Style,Hero + Features + CTA + Social Proof,Drill-Down Analytics & Metrics,Soft pastels (Pink Sage Cream) + Gold accents,Calming aesthetic. Booking system. Service menu.
35,Luxury/Premium Brand,"brand, elegant, exclusive, high-end, luxury, premium",Liquid Glass + Glassmorphism,Minimalism & Swiss Style + 3D & Hyperrealism,Scroll-Triggered Storytelling + Feature-Rich,Drill-Down Analytics & Metrics,Black + Gold (#FFD700) + White + Minimal accent,Elegance paramount. High-res imagery. Exclusivity.
36,Restaurant/Food Service,"booking, delivery, food, menu, order, restaurant",Vibrant & Block-based + Motion-Driven,Claymorphism + Flat Design,Hero + Features + CTA + Conversion,N/A (Lead / Order Focused),Warm colors (Orange Red Brown) + Appetizing imagery,Menu display. Online ordering. Location/hours prominent.
37,Fitness/Gym App,"app, exercise, fitness, gym, health, workout",Vibrant & Block-based + Dark Mode (OLED),Motion-Driven + Neumorphism,Hero + Features + CTA,Drill-Down Analytics & Metrics,Energetic (Orange #FF6B35) + Dark bg,Progress tracking. Workout plans. Achievements.
38,Real Estate/Property,"buy, estate, housing, property, real, rent",Glassmorphism + Minimalism & Swiss Style,Motion-Driven + 3D & Hyperrealism,Hero + Features + CTA + Feature-Rich,Drill-Down Analytics & Metrics,Trust Blue (#0077B6) + Gold accents + White,Property listings. Virtual tours. Map integration.
39,Travel/Tourism Agency,"booking, travel, tourism, vacation",Aurora UI + Motion-Driven,Vibrant & Block-based + Glassmorphism,Scroll-Triggered Storytelling + Hero-Centric,Drill-Down Analytics & Metrics,Vibrant destination colors + Sky Blue + Warm accents,Destination showcase. Booking system. Itinerary builder.
40,Hotel/Hospitality,"hospitality, hotel",Liquid Glass + Minimalism & Swiss Style,Glassmorphism + Soft UI Evolution,Hero + Features + CTA + Social Proof,Financial & Trading Matrix,Warm neutrals + Gold (#D4AF37) + Brand accent,Room booking. Amenities showcase. Location maps.
41,Wedding/Event Planning,"event, planning, registration, wedding",Soft UI Evolution + Aurora UI,Glassmorphism + Motion-Driven,Scroll-Triggered Storytelling + Social Proof,N/A (Lead / Order Focused),Soft Pink (#FFD6E0) + Gold + Cream + Sage,Portfolio gallery. Vendor directory. Timeline planner.
42,Legal Services,"attorney, compliance, contract, law, legal, service",Minimalism & Swiss Style,Accessible & Ethical + Minimalism & Swiss Style,Enterprise Gateway + Minimal,Operations & Logistics Dispatch,Navy Blue (#1E3A5F) + Gold + White,Credibility paramount. Practice areas. Attorney profiles.
43,Insurance Platform,"insurance, platform",Minimalism & Swiss Style + Flat Design,Accessible & Ethical + Minimalism & Swiss Style,Funnel (3-Step Conversion) + Trust,Drill-Down Analytics & Metrics,Trust Blue (#0066CC) + Green (security) + Neutral,Quote calculator. Policy comparison. Trust badges.
44,Banking/Traditional Finance,"banking, finance, traditional",Minimalism & Swiss Style + Accessible & Ethical,Minimalism & Swiss Style + Dark Mode (OLED),Enterprise Gateway + Feature-Rich,Financial & Trading Matrix,Navy (#0A1628) + Trust Blue + Gold accents,Security-first. Account overview. High contrast.
45,Online Course/E-learning,"course, e-learning, learning, online",Claymorphism + Vibrant & Block-based,Motion-Driven + Flat Design,Hero + Features + CTA + Social Proof,Drill-Down Analytics & Metrics,Vibrant learning colors + Progress green,Course catalog. Progress tracking. Video player.
46,Non-profit/Charity,"charity, non-profit",Accessible & Ethical + Soft UI Evolution,Minimalism & Swiss Style + Motion-Driven,Scroll-Triggered Storytelling + Trust,Drill-Down Analytics & Metrics,Cause-related colors + Trust + Warm,Impact stories. Donation flow. Transparency reports.
47,Music Streaming,"music, streaming",Dark Mode (OLED) + Vibrant & Block-based,Motion-Driven + Aurora UI,Hero + Features + CTA,Content & Media Management,Dark (#121212) + Vibrant accents + Album art colors,Audio player. Playlist management. Waveforms.
48,Video Streaming/OTT,"ott, streaming, video",Dark Mode (OLED) + Motion-Driven,Glassmorphism + Vibrant & Block-based,Hero + Features + CTA + Feature-Rich,Content & Media Management,Dark bg + Content poster colors + Brand accent,Video player. Content discovery. Watchlists.
49,Job Board/Recruitment,"board, job, recruitment",Flat Design + Minimalism & Swiss Style,Vibrant & Block-based + Accessible & Ethical,Funnel (3-Step Conversion) + Feature-Rich,Drill-Down Analytics & Metrics,Professional Blue + Success Green + Neutral,Job listings. Search/filter. Resume upload.
50,Marketplace (P2P),"marketplace, p2p, platform",Vibrant & Block-based + Flat Design,Micro-interactions + Minimalism & Swiss Style,Hero + Features + CTA + Social Proof,Drill-Down Analytics & Metrics,Trust colors + Category colors + Success green,Seller/buyer profiles. Listings. Reviews. Escrow.
51,Logistics/Delivery,"delivery, logistics",Minimalism & Swiss Style + Flat Design,Dark Mode (OLED) + Micro-interactions,Hero + Features + CTA + Conversion,Real-Time Telemetry & Monitoring,Blue (#2563EB) + Orange (tracking) + Green,Real-time tracking. Route maps. Driver status.
52,Agriculture/Farm Tech,"agriculture, farm, tech",Soft UI Evolution + Flat Design,Minimalism & Swiss Style + Accessible & Ethical,Hero + Features + CTA + Trust,Real-Time Telemetry & Monitoring,Earth Green (#4A7C23) + Brown + Sky Blue,Crop monitoring. Weather data. Sensor logs.
53,Construction/Architecture,"architecture, construction",Minimalism & Swiss Style + 3D & Hyperrealism,Brutalism + Minimalism & Swiss Style,Hero + Features + CTA + Feature-Rich,Operations & Logistics Dispatch,Grey (#4A4A4A) + Safety Orange + Blueprint Blue,Project portfolio. 3D renders. Timelines.
54,Automotive/Car Dealership,"automotive, car, dealership",Motion-Driven + 3D & Hyperrealism,Dark Mode (OLED) + Glassmorphism,Hero + Features + CTA + Feature-Rich,Drill-Down Analytics & Metrics,Brand colors + Metallic accents + Dark/Light,Vehicle showcase. 360° views. Financing tools.
55,Photography Studio,"photography, studio",Motion-Driven + Minimalism & Swiss Style,Aurora UI + Glassmorphism,Scroll-Triggered Storytelling + Hero-Centric,N/A (Lead / Order Focused),Black + White + Minimal accent,Portfolio gallery. Full-bleed imagery. Bookings.
56,Coworking Space,"coworking, space",Vibrant & Block-based + Glassmorphism,Minimalism & Swiss Style + Motion-Driven,Hero + Features + CTA + Feature-Rich,Drill-Down Analytics & Metrics,Energetic colors + Wood tones + Brand accent,Space tour. Membership plans. Room reservations.
57,Cleaning Service,"booking, cleaning, service",Soft UI Evolution + Flat Design,Minimalism & Swiss Style + Micro-interactions,Funnel (3-Step Conversion) + Trust,Drill-Down Analytics & Metrics,Fresh Blue (#00B4D8) + Clean White + Green,Service packages. Price calculator. Before/after.
58,Home Services,"electrician, home, plumber, services",Flat Design + Minimalism & Swiss Style,Minimalism & Swiss Style + Accessible & Ethical,Funnel (3-Step Conversion) + Trust,Drill-Down Analytics & Metrics,Trust Blue + Safety Orange + Professional grey,Emergency contacts. Booking. Transparent pricing.
59,Childcare/Daycare,"childcare, daycare",Claymorphism + Vibrant & Block-based,Soft UI Evolution + Accessible & Ethical,Hero + Testimonials + CTA + Trust,User Behavior & Retention Analytics,Playful pastels + Safe colors + Warm accents,Programs. Safety certifications. Parent portal.
60,Senior Care/Elderly,"care, elderly, senior",Accessible & Ethical + Soft UI Evolution,Minimalism & Swiss Style + Neumorphism,Enterprise Gateway + Social Proof,Drill-Down Analytics & Metrics,Calm Blue + Warm neutrals + Large text,Large touch targets. High contrast. Simple nav.
61,Medical Clinic,"clinic, medical",Accessible & Ethical + Minimalism & Swiss Style,Neumorphism + Minimalism & Swiss Style,Enterprise Gateway + Conversion,Drill-Down Analytics & Metrics,Medical Blue (#0077B6) + Trust White + Calm Green,Doctor profiles. Online booking. Insurance info.
62,Pharmacy/Drug Store,"drug, pharmacy, store",Flat Design + Accessible & Ethical,Minimalism & Swiss Style,Funnel (3-Step Conversion) + Trust,Operations & Logistics Dispatch,Pharmacy Green + Trust Blue + Clean White,Prescription refills. Dosage warnings. Drug catalog.
63,Dental Practice,"dental, practice",Soft UI Evolution + Minimalism & Swiss Style,Accessible & Ethical + Minimalism & Swiss Style,Hero + Testimonials + CTA + Conversion,Drill-Down Analytics & Metrics,Fresh Blue + White + Smile Yellow accent,Before/after gallery. Appointment booking.
64,Veterinary Clinic,"clinic, veterinary",Claymorphism + Accessible & Ethical,Soft UI Evolution + Flat Design,Hero + Testimonials + CTA + Trust,Drill-Down Analytics & Metrics,Caring Blue + Pet-friendly colors + Warm accents,Pet portals. Emergency contact. Service menus.
65,Florist/Plant Shop,"florist, plant, shop",Soft UI Evolution + Vibrant & Block-based,Aurora UI + Motion-Driven,Hero + Features + CTA + Conversion,Drill-Down Analytics & Metrics,Natural Green + Floral pinks/purples + Earth tones,Occasion catalog. Delivery scheduling. Care guides.
66,Bakery/Cafe,"bakery, cafe",Vibrant & Block-based + Soft UI Evolution,Claymorphism + Motion-Driven,Hero + Features + CTA + Conversion,N/A (Lead / Order Focused),Warm Brown + Cream + Appetizing accents,Menu display. Online ordering. Location/hours.
67,Coffee Shop,"coffee, shop",Minimalism & Swiss Style + Soft UI Evolution,Soft UI Evolution + Flat Design,Hero + Features + CTA + Conversion,N/A (Lead / Order Focused),Coffee Brown (#6F4E37) + Cream + Warm accents,Menu. Mobile ordering. Rewards/loyalty.
68,Brewery/Winery,"brewery, winery",Motion-Driven,Dark Mode (OLED) + Soft UI Evolution,Scroll-Triggered Storytelling + Hero-Centric,N/A (Lead / Order Focused),Deep amber/burgundy + Gold + Craft aesthetic,Tasting notes. Heritage timeline. Club signups.
69,Airline,airline,Minimalism & Swiss Style + Glassmorphism,Motion-Driven + Accessible & Ethical,Funnel (3-Step Conversion) + Feature-Rich,Operations & Logistics Dispatch,Sky Blue + Brand colors + Trust accents,Flight search. Boarding pass view. Seat selector.
70,News/Media Platform,"media, news, platform",Minimalism & Swiss Style + Flat Design,Dark Mode (OLED) + Accessible & Ethical,Hero + Features + CTA + Feature-Rich,Drill-Down Analytics & Metrics,Brand colors + High contrast + Category colors,Article layout. Breaking alerts. Fast mobile load.
71,Magazine/Blog,"articles, blog, magazine",Minimalism & Swiss Style + Motion-Driven,Minimalism & Swiss Style + Aurora UI,Scroll-Triggered Storytelling + Hero-Centric,Drill-Down Analytics & Metrics,Editorial colors + Brand primary + Clean white,Article showcase. Category hierarchy. Editorial type.
72,Freelancer Platform,"freelancer, platform",Flat Design + Minimalism & Swiss Style,Vibrant & Block-based + Micro-interactions,Hero + Features + CTA + Conversion,Drill-Down Analytics & Metrics,Professional Blue + Success Green + Neutral,Portfolio display. Skill verification. Escrow.
73,Consulting Firm,"consulting, firm",Minimalism & Swiss Style,Minimalism & Swiss Style + Accessible & Ethical,Enterprise Gateway + Feature-Rich,N/A (Lead / Order Focused),Navy + Gold + Professional grey,Case studies. Team credentials. Research whitepapers.
74,Marketing Agency,"agency, creative, marketing",Brutalism + Motion-Driven,Vibrant & Block-based + Aurora UI,Scroll-Triggered Storytelling + Feature-Rich,Drill-Down Analytics & Metrics,Bold brand colors + Creative freedom,Bold portfolio case studies. Metric highlights.
75,Event Management,"event, management, ticket",Vibrant & Block-based + Motion-Driven,Glassmorphism + Aurora UI,Hero + Features + CTA + Feature-Rich,Drill-Down Analytics & Metrics,Event theme colors + Excitement accents,Agenda builder. Speaker grid. Ticket checkout.
76,Conference/Webinar Platform,"conference, platform, webinar",Glassmorphism + Minimalism & Swiss Style,Motion-Driven + Flat Design,Hero + Features + CTA + Conversion,Drill-Down Analytics & Metrics,Professional Blue + Video accent + Brand,Stream view. Live chat. Networking breakout tools.
77,Membership/Community,"community, membership",Vibrant & Block-based + Soft UI Evolution,Bento Grids + Micro-interactions,Hero + Testimonials + CTA + Conversion,Drill-Down Analytics & Metrics,Community brand colors + Engagement accents,Member directories. Benefit cards. Tier comparisons.
78,Newsletter Platform,"newsletter, platform",Minimalism & Swiss Style + Flat Design,Minimalism & Swiss Style + Accessible & Ethical,Minimal Single Column + Conversion,Drill-Down Analytics & Metrics,Brand primary + Clean white + CTA accent,Subscribe flow. Archive reader. Sample previews.
79,Digital Products/Downloads,"digital, downloads, products",Vibrant & Block-based + Motion-Driven,Glassmorphism + Bento Grids,Hero + Features + CTA + Conversion,Drill-Down Analytics & Metrics,Product category colors + Brand + Success green,Product previews. Instant license checkout.
80,Church/Religious Organization,"church, organization, religious",Accessible & Ethical + Soft UI Evolution,Minimalism & Swiss Style,Hero + Features + CTA + Social Proof,N/A (Lead / Order Focused),Warm Gold + Deep Purple/Blue + White,Service schedules. Livestream. Event calendar.
81,Sports Team/Club,"club, sports, team",Vibrant & Block-based + Motion-Driven,Dark Mode (OLED) + 3D & Hyperrealism,Hero + Features + CTA + Feature-Rich,Drill-Down Analytics & Metrics,Team colors + Energetic accents,Match schedules. Roster cards. Live scores.
82,Museum/Gallery,"gallery, museum",Minimalism & Swiss Style + Motion-Driven,Minimalism & Swiss Style + 3D & Hyperrealism,Scroll-Triggered Storytelling + Feature-Rich,Drill-Down Analytics & Metrics,Art-appropriate neutrals + Exhibition accents,Exhibition tours. Virtual galleries. Ticket flow.
83,Theater/Cinema,"cinema, theater",Dark Mode (OLED) + Motion-Driven,Vibrant & Block-based + Glassmorphism,Hero + Features + CTA + Conversion,Drill-Down Analytics & Metrics,Dark + Spotlight accents + Gold,Showtimes. Seat picker. Trailer lightboxes.
84,Language Learning App,"app, language, learning",Claymorphism + Vibrant & Block-based,Micro-interactions + Flat Design,Hero + Features + CTA + Social Proof,Drill-Down Analytics & Metrics,Playful colors + Progress indicators,Bite-sized cards. Progress streaks. Pronunciation UI.
85,Coding Bootcamp,"bootcamp, coding",Dark Mode (OLED) + Minimalism & Swiss Style,HUD / Sci-Fi FUI + Flat Design,Hero + Features + CTA + Social Proof,Drill-Down Analytics & Metrics,Code editor colors + Brand + Success green,Curriculum tree. Alumni outcomes. Terminal aesthetic.
86,Cybersecurity Platform,"cyber, security, platform",HUD / Sci-Fi FUI + Dark Mode (OLED),Neubrutalism + Minimalism & Swiss Style,Enterprise Gateway + Hero + Features + CTA,Real-Time Telemetry & Monitoring,Matrix Green + Deep Black + Terminal feel,Threat visualization. Real-time telemetry. Dark default.
87,Developer Tool / IDE,"dev, developer, tool, ide",Dark Mode (OLED) + Minimalism & Swiss Style,Flat Design + Bento Grids,Minimal Single Column + Documentation,Real-Time Telemetry & Monitoring,Dark syntax theme colors + Blue focus,Command palette. Syntax blocks. Dense typography.
88,Biotech / Life Sciences,"biotech, biology, science",Glassmorphism + Minimalism & Swiss Style,Minimalism & Swiss Style + Soft UI Evolution,Scroll-Triggered Storytelling + FAQ/Documentation Landing,Drill-Down Analytics & Metrics,Sterile White + DNA Blue + Life Green,Data credibility. Molecule renders. Research logs.
89,Space Tech / Aerospace,"aerospace, space, tech",Minimalism & Swiss Style,Glassmorphism + 3D & Hyperrealism,Immersive/Interactive Experience + Hero,Real-Time Telemetry & Monitoring,Deep Space Black + Star White + Metallic,Telemetry arrays. High-precision vector graphics.
90,Architecture / Interior,"architecture, design, interior",Minimalism & Swiss Style,Minimalism & Swiss Style + Motion-Driven,Portfolio Grid,Operations & Logistics Dispatch,Monochrome + Gold Accent + High Imagery,High-res imagery. Generous whitespace. Line rules.
91,Quantum Computing Interface,"quantum, computing, physics",Minimalism & Swiss Style,Glassmorphism + Liquid Glass,Immersive/Interactive Experience,Real-Time Telemetry & Monitoring,Quantum Blue #00FFFF + Deep Black,Qubit state visualizers. Probability distributions.
92,Biohacking / Longevity App,"biohacking, health, longevity",Minimalism & Swiss Style,Minimalism & Swiss Style + Dark Mode (OLED),Data-Dense + Storytelling,Real-Time Telemetry & Monitoring,Cellular Pink/Red + DNA Blue + Clean White,Biometric trackers. Longitudinal trend charts.
93,Autonomous Drone Fleet Manager,"drone, fleet, logistics, robotics",Minimalism & Swiss Style,HUD / Sci-Fi FUI + Liquid Glass,Real-Time Monitor,Real-Time Telemetry & Monitoring,Tactical Green #00FF00 + Alert Red + Map Dark,Geographic maps. Telemetry feeds. Collision alerts.
94,Generative Art Platform,"art, generative, ai, creative",Minimalism & Swiss Style + Neubrutalism,Bento Grids + Minimalism & Swiss Style,Bento Grid Showcase,Content & Media Management,Neutral #F5F5F5 + User Content,Content staging. Masonry layout. Minting flow.
95,Spatial Computing OS / App,"spatial, vr, ar, vision, os",Liquid Glass,Glassmorphism + 3D & Hyperrealism,Immersive/Interactive Experience,Drill-Down Analytics & Metrics,Frosted Glass + System Colors + Depth,Z-axis depth hierarchy. Dynamic lighting.
96,Sustainable Energy / Climate Tech,"climate, energy, green, tech",Soft UI Evolution + Minimalism & Swiss Style,Minimalism & Swiss Style,Product Demo + Features + Bento Grid Showcase,Operations & Logistics Dispatch,Earth Green + Sky Blue + Solar Yellow,Energy flow diagrams. Low carbon web footprint.
