No,Data Type,Keywords,Best Chart Type,Secondary Options,Color Guidance,Performance Impact,Accessibility Notes,Library Recommendation,Interactive Level
1,Trend Over Time,"trend, time-series, line, growth, timeline",Line Chart,"Area Chart, Smooth Area",Primary: #0080FF. Multiple series: use distinct colors. Fill: 20% opacity,⚡ Excellent,Add pattern overlays or distinct dashes for colorblind users.,"Chart.js, Recharts, ApexCharts",Hover + Zoom
2,Compare Categories,"compare, categories, bar, comparison, ranking",Bar Chart (Horizontal or Vertical),"Column Chart, Grouped Bar",Category: grouped same color. Sorted: descending order,⚡ Excellent,Add numerical value labels directly on bars.,"Chart.js, Recharts, D3.js",Hover + Sort
3,Part-to-Whole,"part-to-whole, pie, donut, percentage, share",Pie Chart or Donut,"Stacked Bar, Treemap",Colors: 5-6 max. Contrasting palette. Large slices first.,⚡ Good,Avoid pie if >5 items. Better: Stacked bar with legend.,"Chart.js, Recharts, D3.js",Hover + Drill
4,Correlation/Distribution,"correlation, distribution, scatter, relationship",Scatter Plot or Bubble Chart,"Heat Map, Matrix",Color axis: gradient (blue-red). Opacity: 0.6-0.8 to show density,⚠ Moderate,Provide alternative data table. Use pattern + shape distinction.,"D3.js, Plotly, Recharts",Hover + Brush
5,Heatmap/Intensity,"heatmap, heat-map, intensity, density, matrix",Heat Map or Choropleth,"Grid Heat Map, Bubble Heat",Gradient: Cool (blue) to Hot (red). Divergent for ±data,⚡ Excellent,Ensure colorblind-safe scales (Viridis/Plasma). Provide legend.,"D3.js, Plotly, ApexCharts",Hover + Zoom
6,Geographic Data,"geographic, map, location, region, spatial","Choropleth Map, Bubble Map",Geographic Heat Map,Regional: single color gradient. Clear scale legend,⚠ Moderate,Include text labels for regions. Data table fallback.,"D3.js, Mapbox, Leaflet",Pan + Zoom + Drill
7,Funnel/Flow,funnel/flow,"Funnel Chart, Sankey",Waterfall (for flows),Stages: gradient (starting color → ending color). Show conversion %,⚡ Good,Clear stage labels + absolute numbers + percentages.,"D3.js, Recharts, Custom SVG",Hover + Drill
8,Performance vs Target,performance-vs-target,Gauge Chart or Bullet Chart,"Dial, Progress Bar",Performance: Red→Yellow→Green. Target: dark marker line,⚡ Good,Add explicit text value + percentage label beside gauge.,"D3.js, ApexCharts, Custom SVG",Hover
9,Time-Series Forecast,time-series-forecast,Line with Confidence Band,Ribbon Chart,Actual: solid line #0080FF. Forecast: dashed #FF9500. Band: 15% opacity,⚡ Good,Clearly distinguish actual vs forecast via line style + legend.,"Chart.js, ApexCharts, Plotly",Hover + Toggle
10,Anomaly Detection,anomaly-detection,Line Chart with Highlights,Scatter with Alert,Normal: blue #0080FF. Anomaly: red #FF0000 circle marker + alert icon,⚡ Good,Circle/marker for anomalies. Text alert annotation.,"D3.js, Plotly, ApexCharts",Hover + Alert
11,Hierarchical Data,hierarchical/nested-data,Treemap,"Sunburst, Icicle",Parent: distinct hues. Children: lighter shades. White borders 2px.,⚠ Moderate,Provide table alternative. Label large areas directly.,"D3.js, Recharts, ApexCharts",Hover + Drilldown
12,Flow/Process Data,flow/process-data,Sankey Diagram,"Alluvial, Chord",Gradient from source to target. Opacity 0.4-0.6 for link flows.,⚠ Moderate,Provide node path summary table.,"D3.js, Plotly",Hover + Drilldown
13,Cumulative Changes,cumulative-changes,Waterfall Chart,"Stacked Bar, Cascade",Increases: #22C55E. Decreases: #EF4444. Totals: #3B82F6.,⚡ Good,Directional colors paired with +/- sign text labels.,"ApexCharts, Highcharts, Plotly",Hover
14,Multi-Variable Comparison,multi-variable-comparison,Radar/Spider Chart,"Parallel Coordinates, Grouped Bar",Single: #0080FF 20% fill. Multiple: distinct line strokes.,⚡ Good,Limit to 5-8 axes maximum. Include table alternative.,"Chart.js, Recharts, ApexCharts",Hover + Toggle
15,Stock/Trading OHLC,stock/trading-ohlc,Candlestick Chart,"OHLC Bar, Line",Bullish: #26A69A. Bearish: #EF5350. Volume: 40% opacity below.,⚡ Good,Provide tabular summary of open, high, low, close.,"Lightweight Charts, ApexCharts",Real-time + Hover + Zoom
16,Relationship/Network,relationship/connection-data,Network Graph,"Hierarchical Tree, Matrix",Nodes: categorical colors. Edges: #94A3B8 50% opacity.,❌ Heavy (500+ nodes),Include searchable adjacency list alternative.,"D3.js, Vis.js, Cytoscape.js",Drilldown + Drag
17,Statistical Distribution,distribution/statistical,Box Plot,"Violin Plot, Beeswarm",Box: #DBEAFE. Border: #2563EB. Median: #DC2626. Outliers: dots.,⚡ Excellent,Include stats summary (min, Q1, median, Q3, max).,"Plotly, D3.js",Hover
18,Compact Target Tracking,performance-vs-target-compact,Bullet Chart,"Progress Bar, Sparkline",Ranges: muted shades. Performance bar: dark blue. Target: black tick.,⚡ Excellent,Compact, high data-ink ratio. Text value alongside.,"D3.js, Custom SVG",Hover
19,Proportional Waffle,proportional/percentage,Waffle Chart,"Pictogram, 100% Stacked Bar",10x10 grid. 3-5 categories max. 2px cell spacing.,⚡ Good,Easier to count than pie charts. Tooltip on cells.,"D3.js, Custom CSS Grid",Hover
20,Hierarchical Radial,hierarchical-proportional,Sunburst Chart,"Treemap, Circle Packing",Center to outer: darker to lighter. 15% lighter per depth level.,⚠ Moderate,Provide breadcrumbs and hierarchy table.,"D3.js, Recharts, ApexCharts",Drilldown + Hover
21,Root Cause Analysis,"root-cause, tree, hierarchy, drill-down",Decomposition Tree,"Decision Tree, Flow Chart",Nodes: Primary blue vs Negative red. Connectors: Neutral grey.,⚠ Moderate,Full keyboard arrow navigation between nodes.,"React-Flow, Custom D3.js",Drill + Expand
22,3D Spatial Data,"3d, spatial, volumetric, point-cloud",3D Scatter/Surface Plot,"Volumetric Rendering, Isosurface",Depth cues: dynamic lighting. Z-axis: color gradient.,❌ Heavy (WebGL required),Requires alternative 2D projection or export table.,"Three.js, Deck.gl, Plotly 3D",Rotate + Zoom
23,Real-Time Streaming,"streaming, real-time, ticker, live, velocity",Streaming Area Chart,"Ticker Tape, Moving Gauge",Current: Bright Pulse. History: Fading opacity. Dark grid lines.,⚡ Optimized (Canvas/WebGL),Provide pause button for motion sensitivity.,"CanvasJS, SciChart, Smooth D3",Real-time + Pause
24,Sentiment Distribution,"sentiment, emotion, nlp, opinion",Sentiment Stacked Bar,"Radar Chart, Arc Gauge",Positive: #22C55E. Negative: #EF4444. Neutral: #94A3B8.,⚡ Good,Avoid word clouds for accessibility. Use labeled stacked bars.,"Recharts, Nivo",Hover + Filter
25,Process Mining,"process, variants, path, bottleneck",Process Map / Directed Graph,"DAG, Petri Net",Happy path: #10B981 (Thick). Bottlenecks: #EF4444 (Highlighted).,⚠ Moderate to Heavy,Provide bottleneck summary and path list.,"React-Flow, Cytoscape.js",Drag + Node-Click