Id,Style Category,Type,Keywords,Primary Colors,Effects & Animation,Best For,Performance,Accessibility,AI Prompt Keywords,CSS/Technical Keywords,Implementation Checklist,Design System Variables
1,Minimalism & Swiss Style,Clean Modern,"minimal, swiss, clean, grid, whitespace, typography, functional, minimalist, landing","#000000, #FFFFFF, #64748B",Subtle opacity fades <=150ms; no heavy layout animation,"SaaS tools, Documentation, Editorial, Corporate portals, Minimalist landing pages",⚡ High (Zero blur/shadow overhead),WCAG AAA compliant (high contrast defaults),"Design a minimalist landing page: white space, geometric layouts, sans-serif fonts, high contrast, grid-based structure, essential elements only. Avoid heavy shadows and gradients. Focus on clarity and functionality.","display: grid, gap: 2rem, font-family: sans-serif, color: #000 or #FFF, max-width: 1200px, clean borders, no box-shadow unless necessary","[ ] Grid-based layout 12-16 columns, [ ] Typography hierarchy clear, [ ] No unnecessary decorations, [ ] WCAG AAA contrast verified, [ ] Mobile responsive grid","--spacing: 2rem, --border-radius: 0px, --font-weight: 400-700, --shadow: none, --accent-color: single primary only"
2,Neumorphism,Tactile Depth,"neumorphism, soft-ui, extruded, embossed, debossed, tactile","#E0E5EC, #A3B1C6, #FFFFFF",Soft multi-layer drop & inner shadows; 150ms press scale,"Smart home controllers, Audio dials, Calculator apps",⚠ Medium (Multiple box-shadow layers),Requires deliberate contrast boosting for WCAG AA,"Create a neumorphic UI with soft 3D effects. Use light pastels, rounded corners (12-16px), subtle soft shadows (multiple layers), monochromatic color scheme with light/dark variations. Embossed/debossed effect on interactive elements.","border-radius: 12-16px, box-shadow: -5px -5px 15px rgba(0,0,0,0.1), 5px 5px 15px rgba(255,255,255,0.8), background: linear-gradient(145deg, color1, color2), transform: scale on press","[ ] Rounded corners 12-16px consistent, [ ] Multiple shadow layers (2-3), [ ] Monochromatic palette checked, [ ] Press animation smooth 150ms","--border-radius: 14px, --shadow-soft-1: -5px -5px 15px, --shadow-soft-2: 5px 5px 15px, --color-light: #F5F5F5"
3,Glassmorphism,Spatial Layered,"glassmorphism, frosted glass, blur, translucent, layered, depth","#FFFFFF (15-30%), #0EA5E9, #6366F1",Backdrop-filter blur (10-20px); subtle border reflection; 200ms transitions,"Modern dashboards, Web3 wallets, Overlays, Media hubs",⚠ Moderate (GPU backdrop-filter load),Ensure 4.5:1 text luminosity over varied backgrounds,"Design a glassmorphic interface with frosted glass effect. Use backdrop blur (10-20px), translucent overlays (rgba 10-30% opacity), vibrant background accents, subtle borders, light source reflection, layered depth.","backdrop-filter: blur(15px), background: rgba(255, 255, 255, 0.15), border: 1px solid rgba(255,255,255,0.2), -webkit-backdrop-filter: blur(15px), z-index layering for depth","[ ] Backdrop-filter blur 10-20px, [ ] Translucent white 15-30% opacity, [ ] Subtle border 1px light, [ ] Text contrast 4.5:1 checked","--blur-amount: 15px, --glass-opacity: 0.15, --border-color: rgba(255,255,255,0.2)"
4,Brutalism,Raw High-Contrast,"brutalism, raw, harsh, high-contrast, stark, unapologetic","#000000, #FFFFFF, #FF0000, #0000FF, #FFFF00",Zero transitions or instantaneous state switches; hard borders,"Art galleries, Fashion showcases, Underground music, Indie dev","⚡ High (No shadows, no blur, instant DOM updates)",Naturally high contrast; verify focus ring visibility,"Create a brutalist design with raw, stark aesthetic: primary colors (red, blue, yellow), black & white, instant transitions, sharp corners, bold large typography, visible grid lines, default system fonts.","border-radius: 0px, transition: none, font-family: system-ui or monospace, font-weight: 700+, border: visible 2-4px, colors: #FF0000, #0000FF, #FFFF00, #000000, #FFFFFF","[ ] No border-radius (0px), [ ] No transitions (instant), [ ] Bold typography (700+), [ ] Visible grid/borders","--border-radius: 0px, --transition-duration: 0s, --font-weight: 700-900"
5,3D & Hyperrealism,Spatial Immersion,"3d, hyperrealism, skeuomorphic, realistic, lighting, perspective","#0F172A, #38BDF8, #F59E0B",Perspective matrices (1000px); WebGL canvases; 300-400ms physics easing,"Automotive configurators, Gaming portals, Hardware showcases",❌ Heavy (WebGL / Canvas context required),Provide text & tabular alternatives for 3D controls,"Build an immersive 3D interface using realistic textures, 3D models, complex shadows, realistic lighting, parallax scrolling (3-5 layers), physics-based motion. Tactile skeuomorphic elements.","transform: translate3d, perspective: 1000px, WebGL canvas, box-shadow: complex multi-layer, background: complex gradients, filter: drop-shadow()","[ ] WebGL/Three.js integrated, [ ] Parallax 3-5 layers, [ ] Complex shadows rendered, [ ] Physics animation smooth 300-400ms","--perspective: 1000px, --parallax-layers: 5, --animation-duration: 300-400ms"
6,Vibrant & Block-based,Bold Expressive,"vibrant, block, bold, geometric, energetic, playful, high-saturation","#4F46E5, #F43F5E, #10B981, #FBBF24",Smooth transform hover lift; staggered entrance reveals,"EdTech, Consumer apps, Marketing landing pages, Youth brands",⚡ High (CSS flex/grid block layout),Requires 4.5:1 text-to-block contrast audits,"Design an energetic, vibrant interface with bold block layouts, geometric shapes, high color contrast, large typography (32px+), animated background patterns. Use 4-6 contrasting colors from triadic schemes.","display: flex/grid with large gaps (48px+), font-size: 32px+, background: animated patterns (CSS), color: vibrant colors, animation: continuous pattern movement","[ ] Block layout with 48px+ gaps, [ ] Large typography 32px+, [ ] 4-6 vibrant colors max, [ ] High contrast verified (7:1+)","--block-gap: 48px, --typography-size: 32px+"
7,Dark Mode (OLED),Technical High-Contrast,"dark mode, oled, deep black, low light, power saving, sleek","#000000, #121212, #22D3EE, #38BDF8",Subtle glow fades; 150ms border-color transitions,"Developer tools, Crypto dashboards, Media platforms, Night apps","⚡ High (Standard CSS, low battery draw on OLED)",High contrast defaults; avoid ultra-low-contrast muted text,"Create an OLED-optimized dark interface with deep black (#000000), dark grey (#121212), midnight blue accents. Use minimal glow effects, vibrant neon accents, high contrast text for eye comfort and power saving.","background: #000000 or #121212, color: #FFFFFF or #E0E0E0, text-shadow: 0 0 10px neon-color (sparingly), color-scheme: dark","[ ] Deep black #000000 or #121212, [ ] Vibrant accents used, [ ] Text contrast 7:1+, [ ] OLED power optimization","--bg-black: #000000, --bg-dark-grey: #121212, --text-primary: #FFFFFF"
8,Accessible & Ethical,Universal Standard,"accessible, ethical, wcag, high contrast, inclusive, keyboard, clear","#0F172A, #1D4ED8, #15803D, #FFFFFF",Minimal motion; visible 3-4px focus rings; instant state feedback,"Government, Healthcare, Public utilities, Civic platforms",⚡ High (Semantic markup and pure CSS),"WCAG AAA compliant (7:1+ contrast, 44px+ touch targets)","Design with WCAG AAA compliance: high contrast (7:1+), large text (16px+), keyboard navigation, screen reader compatibility, focus states visible (3-4px ring), semantic HTML, ARIA labels, skip links, 44x44px touch targets.","color-contrast: 7:1+, font-size: 16px+, outline: 3-4px on :focus-visible, aria-label, @media (prefers-reduced-motion), touch-target: 44x44px","[ ] WCAG AAA verified, [ ] Keyboard navigation tested, [ ] Focus visible 3-4px, [ ] Semantic HTML used, [ ] Touch targets 44x44px","--contrast-ratio: 7:1, --font-size-min: 16px, --focus-ring: 3-4px, --touch-target: 44x44px"
9,Claymorphism,Playful 3D,"claymorphism, 3d, soft, bubbly, friendly, rounded, pastel","#F472B6, #38BDF8, #A78BFA, #FEF08A",Soft bounce transforms (cubic-bezier); inner+outer shadow blend,"Kids apps, Social communities, Gamified learning, Pet care",⚠ Medium (Double box-shadows inner and outer),Enforce high text contrast over tinted clay surfaces,"Design a playful interface with soft 3D, chunky elements, bubbly aesthetic, rounded edges (16-24px), thick borders (3-4px), double shadows (inner + outer), pastel colors, smooth animations.","border-radius: 16-24px, border: 3-4px solid, box-shadow: inset -2px -2px 8px, 4px 4px 8px, background: pastel-gradient, animation: soft bounce","[ ] Border-radius 16-24px, [ ] Thick borders 3-4px, [ ] Double shadows (inner+outer), [ ] Pastel colors used","--border-radius: 20px, --border-width: 3-4px, --shadow-inner: inset -2px -2px 8px, --shadow-outer: 4px 4px 8px"
10,Aurora UI,Atmospheric Gradient,"aurora, mesh gradient, blur, glowing, colorful, organic, ambient","#6366F1, #EC4899, #06B6D4, #0F172A",8-12s continuous background gradient loops; hardware-accelerated,"AI landing pages, Creative portfolios, Music apps, Lifestyle",⚠ Moderate (Large blurred gradient layers),Must maintain 4.5:1 text luminosity against fluid backgrounds,"Create a vibrant gradient interface with mesh gradients, smooth color blends, flowing background animations (8-12s loops). Use complementary color pairs, iridescent effects.","background: conic-gradient or radial-gradient with multiple stops, animation: @keyframes gradient (8-12s), background-size: 200% 200%, filter: saturate(1.2)","[ ] Flowing gradients applied, [ ] 8-12s animation loop, [ ] Smooth color transitions, [ ] Text contrast verified","--animation-duration: 8-12s, --color-saturation: 1.2"
11,Retro-Futurism,Nostalgic Cyber,"retro-futurism, synthwave, 80s, crt, scanlines, neon, cyber","#FF007F, #00F5FF, #7928CA, #0A0A12",CRT scanline overlays; subtle neon text-shadow pulses; glitch reveals,"Tech blogs, Indie gaming, Music hardware, Nostalgic branding",⚡ High (CSS pseudo-elements and text-shadows),Check colorblind distinction for red/cyan duotones,"Build a retro-futuristic interface with neon colors, deep black background, CRT scanlines, glitch effects, neon glow text/borders, monospace fonts, geometric patterns.","color: neon colors (#0080FF, #FF006E, #00FFFF), text-shadow: 0 0 10px neon, background: #000 or #1A1A2E, font-family: monospace, animation: glitch","[ ] Neon colors used, [ ] CRT scanlines effect, [ ] Monospace font, [ ] Deep black background","--neon-colors: #0080FF #FF006E, --background: #000000, --font-family: monospace"
12,Flat Design,Utilitarian 2D,"flat, clean, simple, 2d, minimal, solid, no-shadows","#2563EB, #10B981, #F59E0B, #FFFFFF",Quick 100-150ms opacity/color transitions; zero depth shadows,"Productivity dashboards, Enterprise utilities, Forms, Docs",⚡ High (Fastest rendering profile; no GPU filters),High accessibility by default when color contrast is checked,"Create a flat 2D interface with bold solid colors, no shadows/gradients, clean lines, simple geometric shapes, icon-heavy layout, typography focus, minimal ornamentation.","box-shadow: none, background: solid color, border-radius: 0-4px, color: solid, stroke: 1-2px, font: bold sans-serif, icons: simplified SVG","[ ] No shadows/gradients, [ ] 4-6 solid colors max, [ ] Clean lines consistent, [ ] High saturation colors","--shadow: none, --border-radius: 2px"
13,Skeuomorphism,Realistic Texture,"skeuomorphism, realistic, tactile, leather, metal, wood, texture","#2A2D34, #D4AF37, #8B5A2B, #F4F4F6",Layered realistic shadows; tactile button press depression (scale 0.98),"Audio plugins, Luxury timepieces, Craft brands, Niche instruments",⚠ Medium (High-resolution texture assets),Verify text legibility over textured backgrounds,"Design a realistic textured interface with 3D depth, real-world metaphors (leather, wood, metal), complex gradients (8-12 stops), realistic shadows, grain/texture overlays, tactile press animations.","background: complex gradient (8-12 stops), box-shadow: realistic multi-layer, background-image: texture overlay (noise, grain), transform: scale on press","[ ] Realistic textures applied, [ ] Complex gradients 8-12 stops, [ ] Multi-layer shadows, [ ] Tactile animations smooth","--gradient-stops: 8-12, --shadow-layers: 3+"
14,Liquid Glass,Dynamic Refraction,"liquid glass, dynamic blur, iridescent, fluid, glass, morphing","#FFFFFF (20%), #A855F7, #38BDF8, #030712",Morphing SVG borders; dynamic refraction filters; 400-600ms transitions,"Spatial computing showcases, Luxury tech, Conceptual hardware",❌ Heavy (SVG filters and intensive backdrop blurring),Use high-contrast text layers positioned above blurred containers,"Create a liquid glass effect with morphing shapes, flowing animations, chromatic aberration, iridescent gradients, smooth 400-600ms transitions, dynamic blur.","animation: morphing SVG paths (400-600ms), backdrop-filter: blur + saturate, filter: hue-rotate, background: iridescent gradient","[ ] Morphing animations 400-600ms, [ ] Dynamic blur active, [ ] Iridescent gradients, [ ] Smooth color transitions","--morph-duration: 400-600ms, --blur-amount: 15px"
15,Motion-Driven,Kinetic Interactive,"motion-driven, kinetic, scrolltrigger, animated, interactive, fluid","#0F172A, #3B82F6, #F43F5E, #FFFFFF",Scroll-linked transforms; staggered entry reveals; 300-400ms kinetic curves,"Storytelling landing pages, Product reveals, High-impact portfolios",⚠ Moderate (Requires careful compositor-only optimization),Mandatory prefers-reduced-motion fallback,"Build an animation-heavy interface with scroll-triggered animations, microinteractions, parallax scrolling (3-5 layers), smooth transitions (300-400ms), entrance animations.","animation: @keyframes scroll-reveal, transform: translateY/X, Intersection Observer API, will-change: transform, animation-duration: 300-400ms","[ ] Scroll animations active, [ ] Parallax 3-5 layers, [ ] GPU accelerated, [ ] Prefers-reduced-motion respected","--animation-duration: 300-400ms, --parallax-layers: 5"
16,Micro-interactions,Precision Feedback,"micro-interactions, tactile, precision, spring, haptic, responsive","#18181B, #2563EB, #10B981, #FAFAFA",Spring physics transitions (50-150ms); icon morphs; magnetic hover buttons,"Fintech mobile apps, Productivity tools, Design systems",⚡ High (Lightweight transforms and SVG strokes),Accessible tactile and visual state confirmations,"Design delightful micro-interactions: 50-100ms animations, gesture feedback, spring physics, button state morphs, magnetic cursor hovers, haptic indicators.","transform: scale(0.97) on active, transition: transform 120ms cubic-bezier(0.34, 1.56, 0.64, 1), svg stroke-dashoffset animation","[ ] Spring physics tuned, [ ] Feedback under 150ms, [ ] No layout shift, [ ] Accessible keyboard states","--spring-easing: cubic-bezier(0.34, 1.56, 0.64, 1), --feedback-timing: 120ms"
17,Inclusive Design,Universal Access,"inclusive, accessible, readable, clear, high-contrast, adaptable","#0F172A, #0284C7, #15803D, #FFFFFF",Respects all OS reduced-motion and high-contrast settings; 150ms fades,"Public services, Healthcare, Education, Financial utilities",⚡ High (Optimized semantic HTML),"WCAG AAA compliant (high-contrast, large touch targets, complete ARIA)","Design for universal accessibility: high contrast (7:1+), large text (16px+), keyboard-only navigation, WCAG AAA compliance, symbol-based color indicators (not color-only), reduced motion.","aria-* attributes complete, role attributes semantic, focus-visible: 3-4px ring, color-contrast: 7:1+, @media (prefers-reduced-motion), alt text on images","[ ] WCAG AAA verified, [ ] Keyboard accessible, [ ] Focus visible 3-4px, [ ] No color-only indicators","--contrast-ratio: 7:1, --font-size: 16px+"
18,Zero Interface,Conversational Ambient,"zero interface, conversational, minimal-ui, voice, ai-native, streaming","#0F172A, #6366F1, #10B981, #F8FAFC",Streaming text typewriter effect; smooth card expansion; subtle pulsing mic,"AI chat agents, Voice assistants, Smart assistants, Ambient IoT",⚡ High (Light DOM tree with progressive disclosure),Requires live ARIA announcements for streaming text,"Create a voice-first, gesture-based, AI-driven interface with minimal visible UI, progressive disclosure, voice recognition UI, gesture detection, context-aware actions.","voice-commands: Web Speech API, gesture-detection: touch events, progressive-disclosure: show on demand, minimal UI visible","[ ] Voice commands responsive, [ ] Progressive disclosure working, [ ] Minimal visible UI, [ ] Contextual suggestions","--visible-ui: minimal, --context-aware: true"
19,Soft UI Evolution,Refined Contemporary,"soft-ui, modern neumorphic, subtle depth, clean shadows, elegant","#0F172A, #3B82F6, #F1F5F9, #FFFFFF",Subtle multi-stop box-shadows; 150-200ms ease-out transitions,"SaaS platforms, Modern dashboards, Consumer web apps",⚡ High (Lightweight standard box-shadows),Verified WCAG AA 4.5:1 contrast,"Design evolved neumorphism with improved contrast (WCAG AA+), subtle depth, soft shadows (softer than flat, clearer than pure neumorphism), modern 200-300ms animations.","box-shadow: softer multi-layer (0 2px 4px), background: improved contrast pastels, border-radius: 8-12px, animation: 200-300ms smooth, outline: 2-3px on focus","[ ] Contrast AA/AAA verified, [ ] Soft shadows modern, [ ] Border-radius 8-12px, [ ] Focus states visible","--shadow-soft: modern blend, --border-radius: 10px, --contrast-ratio: 4.5:1+"
20,Bento Grids,Structured Modular,"bento, grid, modular, apple-style, cards, structured, scannable","#18181B, #0284C7, #F4F4F5, #FFFFFF",Subtle card hover lift (translateY -2px); smooth grid reordering,"Product feature showcases, Personal homepages, Tech specs",⚡ High (CSS Grid and flexbox),Clean reading flow with semantic headings per card,"Design a Bento Grid layout: modular grid system, rounded corners (16-24px), varied card spans (1x1, 2x1, 2x2), card-based hierarchy, soft backgrounds (#F5F5F7), subtle borders, Apple-style aesthetic.","display: grid, grid-template-columns: repeat(auto-fit, minmax(...)), gap: 1rem, border-radius: 20px, background: #FFF, box-shadow: subtle","[ ] Grid layout (CSS Grid), [ ] Rounded corners 16-24px, [ ] Varied card spans, [ ] Content fits card size","--grid-gap: 20px, --card-radius: 24px, --page-bg: #F5F5F7"
21,Neubrutalism,Pop Stark,"neubrutalism, hard borders, retro pop, drop-shadow offset, punchy","#000000, #FFE600, #FF5C00, #00E5FF, #FFFFFF",Hard offset shadow translations (active: translate 2px 2px); 100ms quick snap,"Fintech challengers, Creative dev tools, Gen-Z platforms",⚡ High (Hard CSS box-shadows without blur),High contrast borders improve element perimeter recognition,"Design a neubrutalist interface: high contrast, hard black borders (3px+), bright pop colors, no blur, sharp or slightly rounded corners, bold typography, hard offset shadows (4px 4px).","border: 3px solid black, box-shadow: 4px 4px 0px black, colors: #FFDB58 #FF6B6B #4ECDC4, font-weight: 700, no gradients","[ ] Hard borders (2-4px), [ ] Hard offset shadows, [ ] High saturation colors, [ ] Bold typography, [ ] No blurs/gradients","--border-width: 3px, --shadow-offset: 4px, --shadow-color: #000"
22,HUD / Sci-Fi FUI,Futuristic Telemetry,"hud, sci-fi, fui, cyberpunk, wireframe, tech, glowing, terminal","#00FFFF, #00FF41, #0B0F19, #05050A",Vector line draws; glowing corner brackets; 150ms scanline animations,"Cybersecurity consoles, Drone telemetry, Quantum computing, Defense",⚠ Moderate (Multiple glowing text and border layers),Ensure bright neons exceed 4.5:1 against dark backgrounds,"Design a futuristic HUD or FUI: thin lines (1px), neon cyan/blue on black, technical markers, decorative brackets, data visualization, monospaced tech fonts, glowing elements, transparency.","border: 1px solid rgba(0,255,255,0.5), color: #00FFFF, background: rgba(0,0,0,0.8), font-family: monospace, text-shadow: 0 0 5px cyan","[ ] Fine lines 1px, [ ] Neon glow text/borders, [ ] Monospaced font, [ ] Dark/Transparent BG, [ ] Decorative tech markers","--hud-color: #00FFFF, --bg-color: rgba(0,10,20,0.9), --line-width: 1px"
23,Pixel Art,8-Bit Arcade,"pixel art, 8-bit, 16-bit, retro, arcade, gaming, chunky","#1A1C23, #FBBF24, #EF4444, #3B82F6",Step-based sprite frames; pixelated snap transitions; zero smoothing,"Gaming platforms, Web3 retro games, Nostalgic events","⚡ High (Crisp pixel rendering, no complex antialiasing)",Ensure retro fonts maintain readable sizes (>=14px rendered),"Design a pixel art inspired interface: pixelated fonts, 8-bit/16-bit aesthetic, sharp edges (image-rendering: pixelated), limited color palette, blocky UI elements, retro arcade feel.","font-family: Press Start 2P, image-rendering: pixelated, box-shadow: 4px 0 0 #000, no anti-aliasing","[ ] Pixelated fonts loaded, [ ] Images sharp (no blur), [ ] Pixel borders via CSS box-shadow, [ ] Retro palette, [ ] Blocky layout","--pixel-size: 4px, --font: pixel font, --anti-alias: none"
